x,y,score
-2.11528,-1.74697,0.427831
-2.11528,-1.64697,0.644801
-2.11528,-1.54697,0.830729
-2.11528,-1.44697,0.990117
-2.11528,-1.34697,1.12914
-2.11528,-1.24697,1.25456
-2.11528,-1.14697,1.37292
-2.11528,-1.04697,1.49005
-2.11528,-0.94697,1.61062
-2.11528,-0.84697,1.73781
-2.11528,-0.74697,1.87285
-2.11528,-0.64697,2.01466
-2.11528,-0.54697,2.15963
-2.11528,-0.44697,2.30176
-2.11528,-0.34697,2.43309
-2.11528,-0.24697,2.5449
-2.11528,-0.14697,2.62949
-2.11528,-0.0469699,2.68255
-2.11528,0.0530301,2.70521
-2.11528,0.15303,2.7049
-2.11528,0.25303,2.69387
-2.11528,0.35303,2.68562
-2.11528,0.45303,2.69112
-2.11528,0.55303,2.71668
-2.11528,0.65303,2.76391
-2.11528,0.75303,2.83074
-2.11528,0.85303,2.9128
-2.11528,0.95303,3.00497
-2.11528,1.05303,3.10321
-2.11528,1.15303,3.20598
-2.11528,1.25303,3.31506
-2.11528,1.35303,3.43524
-2.11528,1.45303,3.57277
-2.11528,1.55303,3.73278
-2.11528,1.65303,3.91617
-2.11528,1.75303,4.11747
-2.11528,1.85303,4.32532
-2.11528,1.95303,4.52571
-2.11528,2.05303,4.70612
-2.11528,2.15303,4.85825
-2.01528,-1.74697,0.209198
-2.01528,-1.64697,0.457442
-2.01528,-1.54697,0.67101
-2.01528,-1.44697,0.85285
-2.01528,-1.34697,1.00887
-2.01528,-1.24697,1.14637
-2.01528,-1.14697,1.27282
-2.01528,-1.04697,1.3951
-2.01528,-0.94697,1.51897
-2.01528,-0.84697,1.64863
-2.01528,-0.74697,1.78629
-2.01528,-0.64697,1.93171
-2.01528,-0.54697,2.08187
-2.01528,-0.44697,2.23091
-2.01528,-0.34697,2.3706
-2.01528,-0.24697,2.49149
-2.01528,-0.14697,2.58501
-2.01528,-0.0469699,2.64608
-2.01528,0.0530301,2.67547
-2.01528,0.15303,2.68074
-2.01528,0.25303,2.67455
-2.01528,0.35303,2.67088
-2.01528,0.45303,2.681
-2.01528,0.55303,2.71132
-2.01528,0.65303,2.76328
-2.01528,0.75303,2.83443
-2.01528,0.85303,2.92
-2.01528,0.95303,3.01479
-2.01528,1.05303,3.11519
-2.01528,1.15303,3.22067
-2.01528,1.25303,3.33427
-2.01528,1.35303,3.46183
-2.01528,1.45303,3.60981
-2.01528,1.55303,3.7821
-2.01528,1.65303,3.97681
-2.01528,1.75303,4.18503
-2.01528,1.85303,4.39282
-2.01528,1.95303,4.58555
-2.01528,2.05303,4.75191
-2.01528,2.15303,4.88562
-1.91528,-1.74697,-0.0408694
-1.91528,-1.64697,0.24094
-1.91528,-1.54697,0.486376
-1.91528,-1.44697,0.69537
-1.91528,-1.34697,0.872608
-1.91528,-1.24697,1.02549
-1.91528,-1.14697,1.16233
-1.91528,-1.04697,1.29116
-1.91528,-0.94697,1.41895
-1.91528,-0.84697,1.5511
-1.91528,-0.74697,1.69094
-1.91528,-0.64697,1.83926
-1.91528,-0.54697,1.99387
-1.91528,-0.44697,2.1493
-1.91528,-0.34697,2.29723
-1.91528,-0.24697,2.42755
-1.91528,-0.14697,2.53074
-1.91528,-0.0469699,2.60081
-1.91528,0.0530301,2.63804
-1.91528,0.15303,2.64996
-1.91528,0.25303,2.6496
-1.91528,0.35303,2.65136
-1.91528,0.45303,2.66683
-1.91528,0.55303,2.70245
-1.91528,0.65303,2.75944
-1.91528,0.75303,2.83496
-1.91528,0.85303,2.92392
-1.91528,0.95303,3.02124
-1.91528,1.05303,3.12396
-1.91528,1.15303,3.23276
-1.91528,1.25303,3.352
-1.91528,1.35303,3.48834
-1.91528,1.45303,3.64786
-1.91528,1.55303,3.83238
-1.91528,1.65303,4.03652
-1.91528,1.75303,4.24794
-1.91528,1.85303,4.45084
-1.91528,1.95303,4.63098
-1.91528,2.05303,4.77896
-1.91528,2.15303,4.89072
-1.81528,-1.74697,-0.322629
-1.81528,-1.64697,-0.00757006
-1.81528,-1.54697,0.272899
-1.81528,-1.44697,0.513844
-1.81528,-1.34697,0.717193
-1.81528,-1.24697,0.889572
-1.81528,-1.14697,1.03983
-1.81528,-1.04697,1.17715
-1.81528,-0.94697,1.30984
-1.81528,-0.84697,1.44465
-1.81528,-0.74697,1.58625
-1.81528,-0.64697,1.73666
-1.81528,-0.54697,1.89474
-1.81528,-0.44697,2.05576
-1.81528,-0.34697,2.21152
-1.81528,-0.24697,2.35144
-1.81528,-0.14697,2.46501
-1.81528,-0.0469699,2.54518
-1.81528,0.0530301,2.59151
-1.81528,0.15303,2.61136
-1.81528,0.25303,2.618
-1.81528,0.35303,2.62621
-1.81528,0.45303,2.64782
-1.81528,0.55303,2.6893
-1.81528,0.65303,2.75161
-1.81528,0.75303,2.83154
-1.81528,0.85303,2.9238
-1.81528,0.95303,3.02361
-1.81528,1.05303,3.12897
-1.81528,1.15303,3.24189
-1.81528,1.25303,3.368
-1.81528,1.35303,3.51438
-1.81528,1.45303,3.68599
-1.81528,1.55303,3.88164
-1.81528,1.65303,4.09206
-1.81528,1.75303,4.30181
-1.81528,1.85303,4.49432
-1.81528,1.95303,4.65672
-1.81528,2.05303,4.78201
-1.81528,2.15303,4.86838
-1.71528,-1.74697,-0.633049
-1.71528,-1.64697,-0.289017
-1.71528,-1.54697,0.0272542
-1.71528,-1.44697,0.304216
-1.71528,-1.34697,0.53894
-1.71528,-1.24697,0.735757
-1.71528,-1.14697,0.903307
-1.71528,-1.04697,1.05174
-1.71528,-0.94697,1.19079
-1.71528,-0.84697,1.32876
-1.71528,-0.74697,1.47179
-1.71528,-0.64697,1.62338
-1.71528,-0.54697,1.78371
-1.71528,-0.44697,1.94912
-1.71528,-0.34697,2.11193
-1.71528,-0.24697,2.26133
-1.71528,-0.14697,2.38588
-1.71528,-0.0469699,2.4773
-1.71528,0.0530301,2.53418
-1.71528,0.15303,2.56345
-1.71528,0.25303,2.57848
-1.71528,0.35303,2.5943
-1.71528,0.45303,2.62297
-1.71528,0.55303,2.67091
-1.71528,0.65303,2.73883
-1.71528,0.75303,2.82318
-1.71528,0.85303,2.91866
-1.71528,0.95303,3.02104
-1.71528,1.05303,3.12949
-1.71528,1.15303,3.24745
-1.71528,1.25303,3.38163
-1.71528,1.35303,3.53895
-1.71528,1.45303,3.72229
-1.71528,1.55303,3.92666
-1.71528,1.65303,4.13879
-1.71528,1.75303,4.34102
-1.71528,1.85303,4.51719
-1.71528,1.95303,4.65673
-1.71528,2.05303,4.75533
-1.71528,2.15303,4.81344
-1.61528,-1.74697,-0.96507
-1.61528,-1.64697,-0.601107
-1.61528,-1.54697,-0.252197
-1.61528,-1.44697,0.0627978
-1.61528,-1.34697,0.33382
-1.61528,-1.24697,0.560644
-1.61528,-1.14697,0.750288
-1.61528,-1.04697,0.913313
-1.61528,-0.94697,1.06086
-1.61528,-0.84697,1.20288
-1.61528,-0.74697,1.34723
-1.61528,-0.64697,1.49906
-1.61528,-0.54697,1.66018
-1.61528,-0.44697,1.82837
-1.61528,-0.34697,1.99691
-1.61528,-0.24697,2.1552
-1.61528,-0.14697,2.29105
-1.61528,-0.0469699,2.39486
-1.61528,0.0530301,2.4639
-1.61528,0.15303,2.50435
-1.61528,0.25303,2.5294
-1.61528,0.35303,2.55422
-1.61528,0.45303,2.59097
-1.61528,0.55303,2.64601
-1.61528,0.65303,2.7198
-1.61528,0.75303,2.80858
-1.61528,0.85303,2.90722
-1.61528,0.95303,3.01232
-1.61528,1.05303,3.12441
-1.61528,1.15303,3.24835
-1.61528,1.25303,3.39156
-1.61528,1.35303,3.56002
-1.61528,1.45303,3.7535
-1.61528,1.55303,3.96265
-1.61528,1.65303,4.17062
-1.61528,1.75303,4.35879
-1.61528,1.85303,4.51269
-1.61528,1.95303,4.62474
-1.61528,2.05303,4.69357
-1.61528,2.15303,4.72191
-1.51528,-1.74697,-1.30796
-1.51528,-1.64697,-0.937353
-1.51528,-1.54697,-0.564046
-1.51528,-1.44697,-0.21273
-1.51528,-1.34697,0.0979357
-1.51528,-1.24697,0.360411
-1.51528,-1.14697,0.577806
-1.51528,-1.04697,0.759903
-1.51528,-0.94697,0.918887
-1.51528,-0.84697,1.06646
-1.51528,-0.74697,1.21237
-1.51528,-0.64697,1.36362
-1.51528,-0.54697,1.5239
-1.51528,-0.44697,1.69278
-1.51528,-0.34697,1.86511
-1.51528,-0.24697,2.03101
-1.51528,-0.14697,2.17798
-1.51528,-0.0469699,2.29508
-1.51528,0.0530301,2.37798
-1.51528,0.15303,2.43162
-1.51528,0.25303,2.46862
-1.51528,0.35303,2.50403
-1.51528,0.45303,2.55003
-1.51528,0.55303,2.61286
-1.51528,0.65303,2.69278
-1.51528,0.75303,2.78598
-1.51528,0.85303,2.88775
-1.51528,0.95303,2.99574
-1.51528,1.05303,3.112
-1.51528,1.15303,3.2427
-1.51528,1.25303,3.3954
-1.51528,1.35303,3.57414
-1.51528,1.45303,3.77468
-1.51528,1.55303,3.98317
-1.51528,1.65303,4.18018
-1.51528,1.75303,4.34769
-1.51528,1.85303,4.47413
-1.51528,1.95303,4.55546
-1.51528,2.05303,4.59335
-1.51528,2.15303,4.59279
-1.41528,-1.74697,-1.6491
-1.41528,-1.64697,-1.28718
-1.41528,-1.54697,-0.902652
-1.41528,-1.44697,-0.521932
-1.41528,-1.34697,-0.171584
-1.41528,-1.24697,0.131177
-1.41528,-1.14697,0.38245
-1.41528,-1.04697,0.589109
-1.41528,-0.94697,0.763493
-1.41528,-0.84697,0.918925
-1.41528,-0.74697,1.06717
-1.41528,-0.64697,1.21729
-1.41528,-0.54697,1.37504
-1.41528,-0.44697,1.54216
-1.41528,-0.34697,1.71554
-1.41528,-0.24697,1.88684
-1.41528,-0.14697,2.04389
-1.41528,-0.0469699,2.1747
-1.41528,0.0530301,2.27304
-1.41528,0.15303,2.34205
-1.41528,0.25303,2.3932
-1.41528,0.35303,2.44107
-1.41528,0.45303,2.49763
-1.41528,0.55303,2.56901
-1.41528,0.65303,2.65532
-1.41528,0.75303,2.75289
-1.41528,0.85303,2.8577
-1.41528,0.95303,2.96871
-1.41528,1.05303,3.08955
-1.41528,1.15303,3.22742
-1.41528,1.25303,3.38927
-1.41528,1.35303,3.57616
-1.41528,1.45303,3.77919
-1.41528,1.55303,3.98049
-1.41528,1.65303,4.15964
-1.41528,1.75303,4.30086
-1.41528,1.85303,4.39651
-1.41528,1.95303,4.44636
-1.41528,2.05303,4.45506
-1.41528,2.15303,4.42961
-1.31528,-1.74697,-1.97673
-1.31528,-1.64697,-1.63758
-1.31528,-1.54697,-1.25793
-1.31528,-1.44697,-0.860269
-1.31528,-1.34697,-0.475267
-1.31528,-1.24697,-0.130253
-1.31528,-1.14697,0.160625
-1.31528,-1.04697,0.398133
-1.31528,-0.94697,0.592981
-1.31528,-0.84697,0.759555
-1.31528,-0.74697,0.911672
-1.31528,-0.64697,1.06061
-1.31528,-0.54697,1.21436
-1.31528,-0.44697,1.37702
-1.31528,-0.34697,1.54801
-1.31528,-0.24697,1.72133
-1.31528,-0.14697,1.88612
-1.31528,-0.0469699,2.03003
-1.31528,0.0530301,2.14488
-1.31528,0.15303,2.23141
-1.31528,0.25303,2.29915
-1.31528,0.35303,2.3616
-1.31528,0.45303,2.43024
-1.31528,0.55303,2.51097
-1.31528,0.65303,2.60391
-1.31528,0.75303,2.70573
-1.31528,0.85303,2.81338
-1.31528,0.95303,2.9274
-1.31528,1.05303,3.05296
-1.31528,1.15303,3.19791
-1.31528,1.25303,3.36767
-1.31528,1.35303,3.55937
-1.31528,1.45303,3.75926
-1.31528,1.55303,3.94672
-1.31528,1.65303,4.10227
-1.31528,1.75303,4.2139
-1.31528,1.85303,4.27847
-1.31528,1.95303,4.29952
-1.31528,2.05303,4.2842
-1.31528,2.15303,4.24093
-1.21528,-1.74697,-2.28233
-1.21528,-1.64697,-1.97591
-1.21528,-1.54697,-1.61673
-1.21528,-1.44697,-1.21854
-1.21528,-1.34697,-0.809857
-1.21528,-1.24697,-0.425214
-1.21528,-1.14697,-0.0908695
-1.21528,-1.04697,0.183943
-1.21528,-0.94697,0.405337
-1.21528,-0.84697,0.587466
-1.21528,-0.74697,0.745964
-1.21528,-0.64697,0.894431
-1.21528,-0.54697,1.04317
-1.21528,-0.44697,1.19876
-1.21528,-0.34697,1.36341
-1.21528,-0.24697,1.53416
-1.21528,-0.14697,1.70264
-1.21528,-0.0469699,1.8573
-1.21528,0.0530301,1.98855
-1.21528,0.15303,2.09423
-1.21528,0.25303,2.18099
-1.21528,0.35303,2.26033
-1.21528,0.45303,2.34273
-1.21528,0.55303,2.43371
-1.21528,0.65303,2.53346
-1.21528,0.75303,2.6393
-1.21528,0.85303,2.7495
-1.21528,0.95303,2.86636
-1.21528,1.05303,2.99661
-1.21528,1.15303,3.14813
-1.21528,1.25303,3.32388
-1.21528,1.35303,3.51633
-1.21528,1.45303,3.7075
-1.21528,1.55303,3.87581
-1.21528,1.65303,4.00468
-1.21528,1.75303,4.08695
-1.21528,1.85303,4.12402
-1.21528,1.95303,4.12258
-1.21528,2.05303,4.09147
-1.21528,2.15303,4.03956
-1.11528,-1.74697,-2.56169
-1.11528,-1.64697,-2.29265
-1.11528,-1.54697,-1.96567
-1.11528,-1.44697,-1.58388
-1.11528,-1.34697,-1.16744
-1.11528,-1.24697,-0.751767
-1.11528,-1.14697,-0.373868
-1.11528,-1.04697,-0.056309
-1.11528,-0.94697,0.19832
-1.11528,-0.84697,0.401535
-1.11528,-0.74697,0.57003
-1.11528,-0.64697,0.719701
-1.11528,-0.54697,0.863254
-1.11528,-0.44697,1.00966
-1.11528,-0.34697,1.16396
-1.11528,-0.24697,1.32659
-1.11528,-0.14697,1.49279
-1.11528,-0.0469699,1.65342
-1.11528,0.0530301,1.79873
-1.11528,0.15303,1.9238
-1.11528,0.25303,2.03142
-1.11528,0.35303,2.1299
-1.11528,0.45303,2.22782
-1.11528,0.55303,2.33001
-1.11528,0.65303,2.43678
-1.11528,0.75303,2.54641
-1.11528,0.85303,2.65888
-1.11528,0.95303,2.77857
-1.11528,1.05303,2.91362
-1.11528,1.15303,3.07131
-1.11528,1.25303,3.25115
-1.11528,1.35303,3.44073
-1.11528,1.45303,3.61909
-1.11528,1.55303,3.76582
-1.11528,1.65303,3.86884
-1.11528,1.75303,3.92617
-1.11528,1.85303,3.94312
-1.11528,1.95303,3.92845
-1.11528,2.05303,3.8915
-1.11528,2.15303,3.8406
-1.01528,-1.74697,-2.8144
-1.01528,-1.64697,-2.58268
-1.01528,-1.54697,-2.29408
-1.01528,-1.44697,-1.9424
-1.01528,-1.34697,-1.53598
-1.01528,-1.24697,-1.10361
-1.01528,-1.14697,-0.687578
-1.01528,-1.04697,-0.324556
-1.01528,-0.94697,-0.0302793
-1.01528,-0.84697,0.2004
-1.01528,-0.74697,0.383613
-1.01528,-0.64697,0.537256
-1.01528,-0.54697,0.676473
-1.01528,-0.44697,0.812555
-1.01528,-0.34697,0.953059
-1.01528,-0.24697,1.10176
-1.01528,-0.14697,1.25812
-1.01528,-0.0469699,1.41707
-1.01528,0.0530301,1.57077
-1.01528,0.15303,1.71267
-1.01528,0.25303,1.84132
-1.01528,0.35303,1.96048
-1.01528,0.45303,2.07556
-1.01528,0.55303,2.18999
-1.01528,0.65303,2.30419
-1.01528,0.75303,2.41774
-1.01528,0.85303,2.53281
-1.01528,0.95303,2.65617
-1.01528,1.05303,2.79719
-1.01528,1.15303,2.96169
-1.01528,1.25303,3.14487
-1.01528,1.35303,3.32977
-1.01528,1.45303,3.4942
-1.01528,1.55303,3.62099
-1.01528,1.65303,3.7034
-1.01528,1.75303,3.74409
-1.01528,1.85303,3.75101
-1.01528,1.95303,3.73361
-1.01528,2.05303,3.70055
-1.01528,2.15303,3.65882
-0.91528,-1.74697,-3.0424
-0.91528,-1.64697,-2.84501
-0.91528,-1.54697,-2.59572
-0.91528,-1.44697,-2.28231
-0.91528,-1.34697,-1.90157
-0.91528,-1.24697,-1.47015
-0.91528,-1.14697,-1.02746
-0.91528,-1.04697,-0.620823
-0.91528,-0.94697,-0.282156
-0.91528,-0.84697,-0.0174393
-0.91528,-0.74697,0.186075
-0.91528,-0.64697,0.347464
-0.91528,-0.54697,0.484286
-0.91528,-0.44697,0.610081
-0.91528,-0.34697,0.73455
-0.91528,-0.24697,0.864241
-0.91528,-0.14697,1.00269
-0.91528,-0.0469699,1.14992
-0.91528,0.0530301,1.30233
-0.91528,0.15303,1.45418
-0.91528,0.25303,1.6007
-0.91528,0.35303,1.74018
-0.91528,0.45303,1.87336
-0.91528,0.55303,2.0012
-0.91528,0.65303,2.12391
-0.91528,0.75303,2.24263
-0.91528,0.85303,2.36227
-0.91528,0.95303,2.49223
-0.91528,1.05303,2.64269
-0.91528,1.15303,2.81691
-0.91528,1.25303,3.00509
-0.91528,1.35303,3.18659
-0.91528,1.45303,3.34007
-0.91528,1.55303,3.45299
-0.91528,1.65303,3.52379
-0.91528,1.75303,3.55848
-0.91528,1.85303,3.56605
-0.91528,1.95303,3.55538
-0.91528,2.05303,3.53377
-0.91528,2.15303,3.50665
-0.81528,-1.74697,-3.24861
-0.81528,-1.64697,-3.0813
-0.81528,-1.54697,-2.86876
-0.81528,-1.44697,-2.59608
-0.81528,-1.34697,-2.25157
-0.81528,-1.24697,-1.83823
-0.81528,-1.14697,-1.38495
-0.81528,-1.04697,-0.942276
-0.81528,-0.94697,-0.557849
-0.81528,-0.84697,-0.253419
-0.81528,-0.74697,-0.0237194
-0.81528,-0.64697,0.149856
-0.81528,-0.54697,0.287063
-0.81528,-0.44697,0.403711
-0.81528,-0.34697,0.51134
-0.81528,-0.24697,0.618514
-0.81528,-0.14697,0.731977
-0.81528,-0.0469699,0.85675
-0.81528,0.0530301,0.99504
-0.81528,0.15303,1.14499
-0.81528,0.25303,1.30115
-0.81528,0.35303,1.45708
-0.81528,0.45303,1.60774
-0.81528,0.55303,1.75023
-0.81528,0.65303,1.8838
-0.81528,0.75303,2.01122
-0.81528,0.85303,2.14045
-0.81528,0.95303,2.28355
-0.81528,1.05303,2.45062
-0.81528,1.15303,2.64097
-0.81528,1.25303,2.83933
-0.81528,1.35303,3.0227
-0.81528,1.45303,3.17234
-0.81528,1.55303,3.28077
-0.81528,1.65303,3.35056
-0.81528,1.75303,3.38949
-0.81528,1.85303,3.40643
-0.81528,1.95303,3.40908
-0.81528,2.05303,3.40339
-0.81528,2.15303,3.39357
-0.71528,-1.74697,-3.43593
-0.71528,-1.64697,-3.29442
-0.71528,-1.54697,-3.11441
-0.71528,-1.44697,-2.8808
-0.71528,-1.34697,-2.5772
-0.71528,-1.24697,-2.19506
-0.71528,-1.14697,-1.74867
-0.71528,-1.04697,-1.28287
-0.71528,-0.94697,-0.856142
-0.71528,-0.84697,-0.508662
-0.71528,-0.74697,-0.247505
-0.71528,-0.64697,-0.05726
-0.71528,-0.54697,0.083394
-0.71528,-0.44697,0.192624
-0.71528,-0.34697,0.283721
-0.71528,-0.24697,0.366679
-0.71528,-0.14697,0.450343
-0.71528,-0.0469699,0.543605
-0.71528,0.0530301,0.654541
-0.71528,0.15303,0.787419
-0.71528,0.25303,0.939888
-0.71528,0.35303,1.10362
-0.71528,0.45303,1.2684
-0.71528,0.55303,1.42645
-0.71528,0.65303,1.57499
-0.71528,0.75303,1.71802
-0.71528,0.85303,1.8665
-0.71528,0.95303,2.03461
-0.71528,1.05303,2.23065
-0.71528,1.15303,2.44798
-0.71528,1.25303,2.6655
-0.71528,1.35303,2.85919
-0.71528,1.45303,3.01415
-0.71528,1.55303,3.1277
-0.71528,1.65303,3.20542
-0.71528,1.75303,3.25587
-0.71528,1.85303,3.28736
-0.71528,1.95303,3.30661
-0.71528,2.05303,3.31861
-0.71528,2.15303,3.32687
-0.61528,-1.74697,-3.60687
-0.61528,-1.64697,-3.48743
-0.61528,-1.54697,-3.33553
-0.61528,-1.44697,-3.13719
-0.61528,-1.34697,-2.87445
-0.61528,-1.24697,-2.53108
-0.61528,-1.14697,-2.1069
-0.61528,-1.04697,-1.63411
-0.61528,-0.94697,-1.17391
-0.61528,-0.84697,-0.783855
-0.61528,-0.74697,-0.487789
-0.61528,-0.64697,-0.277228
-0.61528,-0.54697,-0.13055
-0.61528,-0.44697,-0.0272239
-0.61528,-0.34697,0.0479702
-0.61528,-0.24697,0.106273
-0.61528,-0.14697,0.15785
-0.61528,-0.0469699,0.214094
-0.61528,0.0530301,0.28768
-0.61528,0.15303,0.389314
-0.61528,0.25303,0.522634
-0.61528,0.35303,0.681676
-0.61528,0.45303,0.854051
-0.61528,0.55303,1.02778
-0.61528,0.65303,1.19754
-0.61528,0.75303,1.36786
-0.61528,0.85303,1.55194
-0.61528,0.95303,1.76401
-0.61528,1.05303,2.00703
-0.61528,1.15303,2.26544
-0.61528,1.25303,2.51218
-0.61528,1.35303,2.72415
-0.61528,1.45303,2.89155
-0.61528,1.55303,3.01649
-0.61528,1.65303,3.107
-0.61528,1.75303,3.17221
-0.61528,1.85303,3.22003
-0.61528,1.95303,3.25656
-0.61528,2.05303,3.28623
-0.61528,2.15303,3.31219
-0.51528,-1.74697,-3.76357
-0.51528,-1.64697,-3.66325
-0.51528,-1.54697,-3.53559
-0.51528,-1.44697,-3.36823
-0.51528,-1.34697,-3.1436
-0.51528,-1.24697,-2.84156
-0.51528,-1.14697,-2.45052
-0.51528,-1.04697,-1.98716
-0.51528,-0.94697,-1.50683
-0.51528,-0.84697,-1.07951
-0.51528,-0.74697,-0.748212
-0.51528,-0.64697,-0.515526
-0.51528,-0.54697,-0.361542
-0.51528,-0.44697,-0.263586
-0.51528,-0.34697,-0.204158
-0.51528,-0.24697,-0.170499
-0.51528,-0.14697,-0.151303
-0.51528,-0.0469699,-0.13359
-0.51528,0.0530301,-0.101699
-0.51528,0.15303,-0.0398349
-0.51528,0.25303,0.0623259
-0.51528,0.35303,0.204747
-0.51528,0.45303,0.377592
-0.51528,0.55303,0.56806
-0.51528,0.65303,0.769295
-0.51528,0.75303,0.985643
-0.51528,0.85303,1.22982
-0.51528,0.95303,1.51096
-0.51528,1.05303,1.82065
-0.51528,1.15303,2.13159
-0.51528,1.25303,2.41271
-0.51528,1.35303,2.64539
-0.51528,1.45303,2.82689
-0.51528,1.55303,2.9644
-0.51528,1.65303,3.06823
-0.51528,1.75303,3.14803
-0.51528,1.85303,3.21147
-0.51528,1.95303,3.26421
-0.51528,2.05303,3.31031
-0.51528,2.15303,3.35263
-0.41528,-1.74697,-3.90815
-0.41528,-1.64697,-3.82481
-0.41528,-1.54697,-3.71843
-0.41528,-1.44697,-3.5783
-0.41528,-1.34697,-3.38819
-0.41528,-1.24697,-3.12684
-0.41528,-1.14697,-2.77523
-0.41528,-1.04697,-2.3355
-0.41528,-0.94697,-1.85105
-0.41528,-0.84697,-1.39681
-0.41528,-0.74697,-1.03412
-0.41528,-0.64697,-0.780238
-0.41528,-0.54697,-0.619506
-0.41528,-0.44697,-0.527674
-0.41528,-0.34697,-0.484571
-0.41528,-0.24697,-0.475381
-0.41528,-0.14697,-0.487363
-0.41528,-0.0469699,-0.506245
-0.41528,0.0530301,-0.514469
-0.41528,0.15303,-0.492705
-0.41528,0.25303,-0.424639
-0.41528,0.35303,-0.302556
-0.41528,0.45303,-0.129387
-0.41528,0.55303,0.085738
-0.41528,0.65303,0.336447
-0.41528,0.75303,0.625225
-0.41528,0.85303,0.958714
-0.41528,0.95303,1.33251
-0.41528,1.05303,1.72042
-0.41528,1.15303,2.08409
-0.41528,1.25303,2.39446
-0.41528,1.35303,2.64236
-0.41528,1.45303,2.83377
-0.41528,1.55303,2.98071
-0.41528,1.65303,3.09524
-0.41528,1.75303,3.18718
-0.41528,1.85303,3.26379
-0.41528,1.95303,3.33027
-0.41528,2.05303,3.39026
-0.41528,2.15303,3.44626
-0.31528,-1.74697,-4.04319
-0.31528,-1.64697,-3.9755
-0.31528,-1.54697,-3.88849
-0.31528,-1.44697,-3.77293
-0.31528,-1.34697,-3.61428
-0.31528,-1.24697,-3.39178
-0.31528,-1.14697,-3.08259
-0.31528,-1.04697,-2.67745
-0.31528,-0.94697,-2.20541
-0.31528,-0.84697,-1.73878
-0.31528,-0.74697,-1.35312
-0.31528,-0.64697,-1.08206
-0.31528,-0.54697,-0.916854
-0.31528,-0.44697,-0.832599
-0.31528,-0.34697,-0.806243
-0.31528,-0.24697,-0.820373
-0.31528,-0.14697,-0.860332
-0.31528,-0.0469699,-0.91027
-0.31528,0.0530301,-0.95075
-0.31528,0.15303,-0.959315
-0.31528,0.25303,-0.914281
-0.31528,0.35303,-0.800221
-0.31528,0.45303,-0.611808
-0.31528,0.55303,-0.352275
-0.31528,0.65303,-0.026503
-0.31528,0.75303,0.363397
-0.31528,0.85303,0.810133
-0.31528,0.95303,1.28627
-0.31528,1.05303,1.74543
-0.31528,1.15303,2.14588
-0.31528,1.25303,2.46977
-0.31528,1.35303,2.72129
-0.31528,1.45303,2.91478
-0.31528,1.55303,3.06559
-0.31528,1.65303,3.18634
-0.31528,1.75303,3.28637
-0.31528,1.85303,3.37225
-0.31528,1.95303,3.44852
-0.31528,2.05303,3.5183
-0.31528,2.15303,3.58371
-0.21528,-1.74697,-4.17217
-0.21528,-1.64697,-4.11971
-0.21528,-1.54697,-4.05136
-0.21528,-1.44697,-3.95916
-0.21528,-1.34697,-3.83024
-0.21528,-1.24697,-3.64519
-0.21528,-1.14697,-3.37988
-0.21528,-1.04697,-3.01742
-0.21528,-0.94697,-2.57318
-0.21528,-0.84697,-2.11111
-0.21528,-0.74697,-1.71459
-0.21528,-0.64697,-1.43276
-0.21528,-0.54697,-1.26579
-0.21528,-0.44697,-1.18943
-0.21528,-0.34697,-1.17787
-0.21528,-0.24697,-1.21065
-0.21528,-0.14697,-1.27047
-0.21528,-0.0469699,-1.33899
-0.21528,0.0530301,-1.39412
-0.21528,0.15303,-1.41028
-0.21528,0.25303,-1.36174
-0.21528,0.35303,-1.22771
-0.21528,0.45303,-0.996411
-0.21528,0.55303,-0.665171
-0.21528,0.65303,-0.237171
-0.21528,0.75303,0.276458
-0.21528,0.85303,0.843756
-0.21528,0.95303,1.4072
-0.21528,1.05303,1.90801
-0.21528,1.15303,2.3159
-0.21528,1.25303,2.63213
-0.21528,1.35303,2.87394
-0.21528,1.45303,3.06094
-0.21528,1.55303,3.20931
-0.21528,1.65303,3.33088
-0.21528,1.75303,3.43387
-0.21528,1.85303,3.52386
-0.21528,1.95303,3.60468
-0.21528,2.05303,3.67888
-0.21528,2.15303,3.74819
-0.11528,-1.74697,-4.29999
-0.11528,-1.64697,-4.26346
-0.11528,-1.54697,-4.21441
-0.11528,-1.44697,-4.14599
-0.11528,-1.34697,-4.04684
-0.11528,-1.24697,-3.89917
-0.11528,-1.14697,-3.67908
-0.11528,-1.04697,-3.36523
-0.11528,-0.94697,-2.96169
-0.11528,-0.84697,-2.52077
-0.11528,-0.74697,-2.12659
-0.11528,-0.64697,-1.84023
-0.11528,-0.54697,-1.67165
-0.11528,-0.44697,-1.59872
-0.11528,-0.34697,-1.59327
-0.11528,-0.24697,-1.63142
-0.11528,-0.14697,-1.69261
-0.11528,-0.0469699,-1.75576
-0.11528,0.0530301,-1.79677
-0.11528,0.15303,-1.78859
-0.11528,0.25303,-1.70385
-0.11528,0.35303,-1.51851
-0.11528,0.45303,-1.21489
-0.11528,0.55303,-0.783675
-0.11528,0.65303,-0.229002
-0.11528,0.75303,0.416797
-0.11528,0.85303,1.08341
-0.11528,0.95303,1.68912
-0.11528,1.05303,2.18544
-0.11528,1.15303,2.56838
-0.11528,1.25303,2.85826
-0.11528,1.35303,3.07972
-0.11528,1.45303,3.25313
-0.11528,1.55303,3.3932
-0.11528,1.65303,3.51003
-0.11528,1.75303,3.6104
-0.11528,1.85303,3.6989
-0.11528,1.95303,3.7786
-0.11528,2.05303,3.85158
-0.11528,2.15303,3.91921
-0.01528,-1.74697,-4.43332
-0.01528,-1.64697,-4.41468
-0.01528,-1.54697,-4.38703
-0.01528,-1.44697,-4.34444
-0.01528,-1.34697,-4.27677
-0.01528,-1.24697,-4.16768
-0.01528,-1.14697,-3.99407
-0.01528,-1.04697,-3.73231
-0.01528,-0.94697,-3.3778
-0.01528,-0.84697,-2.97013
-0.01528,-0.74697,-2.58773
-0.01528,-0.64697,-2.29824
-0.01528,-0.54697,-2.12083
-0.01528,-0.44697,-2.03696
-0.01528,-0.34697,-2.01735
-0.01528,-0.24697,-2.03563
-0.01528,-0.14697,-2.06938
-0.01528,-0.0469699,-2.09685
-0.01528,0.0530301,-2.09408
-0.01528,0.15303,-2.03393
-0.01528,0.25303,-1.88711
-0.01528,0.35303,-1.62424
-0.01528,0.45303,-1.21926
-0.01528,0.55303,-0.658346
-0.01528,0.65303,0.0376528
-0.01528,0.75303,0.791592
-0.01528,0.85303,1.49621
-0.01528,0.95303,2.07891
-0.01528,1.05303,2.52696
-0.01528,1.15303,2.86275
-0.01528,1.25303,3.11592
-0.01528,1.35303,3.31119
-0.01528,1.45303,3.46633
-0.01528,1.55303,3.59348
-0.01528,1.65303,3.70075
-0.01528,1.75303,3.79359
-0.01528,1.85303,3.87566
-0.01528,1.95303,3.9494
-0.01528,2.05303,4.01646
-0.01528,2.15303,4.07795
0.08472,-1.74697,-4.58056
0.08472,-1.64697,-4.583
0.08472,-1.54697,-4.58003
0.08472,-1.44697,-4.56625
0.08472,-1.34697,-4.53223
0.08472,-1.24697,-4.46246
0.08472,-1.14697,-4.33445
0.08472,-1.04697,-4.12327
0.08472,-0.94697,-3.8179
0.08472,-0.84697,-3.44568
0.08472,-0.74697,-3.07484
0.08472,-0.64697,-2.77385
0.08472,-0.54697,-2.5698
0.08472,-0.44697,-2.45023
0.08472,-0.34697,-2.38807
0.08472,-0.24697,-2.35768
0.08472,-0.14697,-2.33748
0.08472,-0.0469699,-2.30665
0.08472,0.0530301,-2.24114
0.08472,0.15303,-2.11135
0.08472,0.25303,-1.88175
0.08472,0.35303,-1.51309
0.08472,0.45303,-0.971975
0.08472,0.55303,-0.259389
0.08472,0.65303,0.551726
0.08472,0.75303,1.33448
0.08472,0.85303,1.9916
0.08472,0.95303,2.49853
0.08472,1.05303,2.8768
0.08472,1.15303,3.15912
0.08472,1.25303,3.37369
0.08472,1.35303,3.54116
0.08472,1.45303,3.67576
0.08472,1.55303,3.78709
0.08472,1.65303,3.88159
0.08472,1.75303,3.96354
0.08472,1.85303,4.03585
0.08472,1.95303,4.10045
0.08472,2.05303,4.15868
0.08472,2.15303,4.21145
0.18472,-1.74697,-4.75089
0.18472,-1.64697,-4.77802
0.18472,-1.54697,-4.80277
0.18472,-1.44697,-4.81963
0.18472,-1.34697,-4.81891
0.18472,-1.24697,-4.78494
0.18472,-1.14697,-4.69519
0.18472,-1.04697,-4.5239
0.18472,-0.94697,-4.25581
0.18472,-0.84697,-3.908
0.18472,-0.74697,-3.53696
0.18472,-0.64697,-3.20814
0.18472,-0.54697,-2.95573
0.18472,-0.44697,-2.77644
0.18472,-0.34697,-2.64934
0.18472,-0.24697,-2.55192
0.18472,-0.14697,-2.46376
0.18472,-0.0469699,-2.36324
0.18472,0.0530301,-2.22282
0.18472,0.15303,-2.00551
0.18472,0.25303,-1.66444
0.18472,0.35303,-1.15128
0.18472,0.45303,-0.448052
0.18472,0.55303,0.383093
0.18472,0.65303,1.2081
0.18472,0.75303,1.91495
0.18472,0.85303,2.46855
0.18472,0.95303,2.88498
0.18472,1.05303,3.19527
0.18472,1.15303,3.4285
0.18472,1.25303,3.60735
0.18472,1.35303,3.7481
0.18472,1.45303,3.86199
0.18472,1.55303,3.9566
0.18472,1.65303,4.03702
0.18472,1.75303,4.10666
0.18472,1.85303,4.16782
0.18472,1.95303,4.22206
0.18472,2.05303,4.27049
0.18472,2.15303,4.31389
0.28472,-1.74697,-4.95126
0.28472,-1.64697,-5.00489
0.28472,-1.54697,-5.05714
0.28472,-1.44697,-5.10133
0.28472,-1.34697,-5.12649
0.28472,-1.24697,-5.116
0.28472,-1.14697,-5.04714
0.28472,-1.04697,-4.89451
0.28472,-0.94697,-4.64156
0.28472,-0.84697,-4.29894
0.28472,-0.74697,-3.91285
0.28472,-0.64697,-3.54369
0.28472,-0.54697,-3.231
0.28472,-0.44697,-2.98131
0.28472,-0.34697,-2.78092
0.28472,-0.24697,-2.6101
0.28472,-0.14697,-2.44751
0.28472,-0.0469699,-2.26729
0.28472,0.0530301,-2.03379
0.28472,0.15303,-1.69789
0.28472,0.25303,-1.20332
0.28472,0.35303,-0.52033
0.28472,0.45303,0.297771
0.28472,0.55303,1.12089
0.28472,0.65303,1.84059
0.28472,0.75303,2.42075
0.28472,0.85303,2.86904
0.28472,0.95303,3.20769
0.28472,1.05303,3.46173
0.28472,1.15303,3.65377
0.28472,1.25303,3.80169
0.28472,1.35303,3.91852
0.28472,1.45303,4.01326
0.28472,1.55303,4.09201
0.28472,1.65303,4.15885
0.28472,1.75303,4.21652
0.28472,1.85303,4.26687
0.28472,1.95303,4.31119
0.28472,2.05303,4.35041
0.28472,2.15303,4.38521
0.38472,-1.74697,-5.18047
0.38472,-1.64697,-5.25688
0.38472,-1.54697,-5.32897
0.38472,-1.44697,-5.38815
0.38472,-1.34697,-5.42198
0.38472,-1.24697,-5.41339
0.38472,-1.14697,-5.34092
0.38472,-1.04697,-5.18209
0.38472,-0.94697,-4.92259
0.38472,-0.84697,-4.57054
0.38472,-0.74697,-4.16363
0.38472,-0.64697,-3.7549
0.38472,-0.54697,-3.38489
0.38472,-0.44697,-3.06711
0.38472,-0.34697,-2.79369
0.38472,-0.24697,-2.54624
0.38472,-0.14697,-2.29993
0.38472,-0.0469699,-2.02078
0.38472,0.0530301,-1.66091
0.38472,0.15303,-1.16305
0.38472,0.25303,-0.495391
0.38472,0.35303,0.290622
0.38472,0.45303,1.07358
0.38472,0.55303,1.76477
0.38472,0.65303,2.34264
0.38472,0.75303,2.81103
0.38472,0.85303,3.17808
0.38472,0.95303,3.45761
0.38472,1.05303,3.66794
0.38472,1.15303,3.82708
0.38472,1.25303,3.9497
0.38472,1.35303,4.04653
0.38472,1.45303,4.12499
0.38472,1.55303,4.19009
0.38472,1.65303,4.24515
0.38472,1.75303,4.29244
0.38472,1.85303,4.33348
0.38472,1.95303,4.36936
0.38472,2.05303,4.40084
0.38472,2.15303,4.42853
0.48472,-1.74697,-5.42183
0.48472,-1.64697,-5.50856
0.48472,-1.54697,-5.58361
0.48472,-1.44697,-5.63717
0.48472,-1.34697,-5.65675
0.48472,-1.24697,-5.62694
0.48472,-1.14697,-5.52992
0.48472,-1.04697,-5.34832
0.48472,-0.94697,-5.07212
0.48472,-0.84697,-4.70845
0.48472,-0.74697,-4.28682
0.48472,-0.64697,-3.84999
0.48472,-0.54697,-3.43429
0.48472,-0.44697,-3.05574
0.48472,-0.34697,-2.70998
0.48472,-0.24697,-2.37808
0.48472,-0.14697,-2.02889
0.48472,-0.0469699,-1.61738
0.48472,0.0530301,-1.09047
0.48472,0.15303,-0.422556
0.48472,0.25303,0.330483
0.48472,0.35303,1.05573
0.48472,0.45303,1.68811
0.48472,0.55303,2.23119
0.48472,0.65303,2.69856
0.48472,0.75303,3.08856
0.48472,0.85303,3.39832
0.48472,0.95303,3.63496
0.48472,1.05303,3.81288
0.48472,1.15303,3.94724
0.48472,1.25303,4.05057
0.48472,1.35303,4.13199
0.48472,1.45303,4.19778
0.48472,1.55303,4.25217
0.48472,1.65303,4.298
0.48472,1.75303,4.33716
0.48472,1.85303,4.37096
0.48472,1.95303,4.40032
0.48472,2.05303,4.4259
0.48472,2.15303,4.44821
0.58472,-1.74697,-5.6406
0.58472,-1.64697,-5.71812
0.58472,-1.54697,-5.77497
0.58472,-1.44697,-5.80217
0.58472,-1.34697,-5.78933
0.58472,-1.24697,-5.7245
0.58472,-1.14697,-5.59462
0.58472,-1.04697,-5.38769
0.58472,-0.94697,-5.09746
0.58472,-0.84697,-4.72965
0.58472,-0.74697,-4.30516
0.58472,-0.64697,-3.85465
0.58472,-0.54697,-3.40599
0.58472,-0.44697,-2.97291
0.58472,-0.34697,-2.55091
0.58472,-0.24697,-2.11769
0.58472,-0.14697,-1.63477
0.58472,-0.0469699,-1.05747
0.58472,0.0530301,-0.371315
0.58472,0.15303,0.362079
0.58472,0.25303,1.03777
0.58472,0.35303,1.60689
0.58472,0.45303,2.09348
0.58472,0.55303,2.53198
0.58472,0.65303,2.92772
0.58472,0.75303,3.26609
0.58472,0.85303,3.53707
0.58472,0.95303,3.74437
0.58472,1.05303,3.90006
0.58472,1.15303,4.01743
0.58472,1.25303,4.10747
0.58472,1.35303,4.17821
0.58472,1.45303,4.23517
0.58472,1.55303,4.28208
0.58472,1.65303,4.32144
0.58472,1.75303,4.35492
0.58472,1.85303,4.38368
0.58472,1.95303,4.40853
0.58472,2.05303,4.43005
0.58472,2.15303,4.44869
0.68472,-1.74697,-5.79436
0.68472,-1.64697,-5.84435
0.68472,-1.54697,-5.86755
0.68472,-1.44697,-5.85734
0.68472,-1.34697,-5.80633
0.68472,-1.24697,-5.70614
0.68472,-1.14697,-5.54778
0.68472,-1.04697,-5.32325
0.68472,-0.94697,-5.0285
0.68472,-0.84697,-4.66692
0.68472,-0.74697,-4.25082
0.68472,-0.64697,-3.79829
0.68472,-0.54697,-3.32569
0.68472,-0.44697,-2.83932
0.68472,-0.34697,-2.32967
0.68472,-0.24697,-1.77088
0.68472,-0.14697,-1.13246
0.68472,-0.0469699,-0.413978
0.68472,0.0530301,0.319453
0.68472,0.15303,0.971828
0.68472,0.25303,1.50087
0.68472,0.35303,1.93548
0.68472,0.45303,2.32623
0.68472,0.55303,2.70047
0.68472,0.65303,3.05135
0.68472,0.75303,3.35688
0.68472,0.85303,3.60359
0.68472,0.95303,3.79307
0.68472,1.05303,3.93563
0.68472,1.15303,4.04314
0.68472,1.25303,4.12553
0.68472,1.35303,4.19011
0.68472,1.45303,4.24196
0.68472,1.55303,4.28452
0.68472,1.65303,4.3201
0.68472,1.75303,4.35027
0.68472,1.85303,4.37609
0.68472,1.95303,4.39831
0.68472,2.05303,4.41747
0.68472,2.15303,4.43398
0.78472,-1.74697,-5.85445
0.78472,-1.64697,-5.86863
0.78472,-1.54697,-5.85486
0.78472,-1.44697,-5.80883
0.78472,-1.34697,-5.72547
0.78472,-1.24697,-5.59895
0.78472,-1.14697,-5.42302
0.78472,-1.04697,-5.19208
0.78472,-0.94697,-4.9028
0.78472,-0.84697,-4.55548
0.78472,-0.74697,-4.15421
0.78472,-0.64697,-3.70467
0.78472,-0.54697,-3.20974
0.78472,-0.44697,-2.66439
0.78472,-0.34697,-2.05411
0.78472,-0.24697,-1.36491
0.78472,-0.14697,-0.611491
0.78472,-0.0469699,0.139145
0.78472,0.0530301,0.799494
0.78472,0.15303,1.32722
0.78472,0.25303,1.74208
0.78472,0.35303,2.09427
0.78472,0.45303,2.4291
0.78472,0.55303,2.76441
0.78472,0.65303,3.0876
0.78472,0.75303,3.37398
0.78472,0.85303,3.60807
0.78472,0.95303,3.78946
0.78472,1.05303,3.92679
0.78472,1.15303,4.03073
0.78472,1.25303,4.1105
0.78472,1.35303,4.17302
0.78472,1.45303,4.22314
0.78472,1.55303,4.26421
0.78472,1.65303,4.29847
0.78472,1.75303,4.32745
0.78472,1.85303,4.3522
0.78472,1.95303,4.37346
0.78472,2.05303,4.39176
0.78472,2.15303,4.40748
0.88472,-1.74697,-5.82213
0.88472,-1.64697,-5.80388
0.88472,-1.54697,-5.76008
0.88472,-1.44697,-5.6877
0.88472,-1.34697,-5.58304
0.88472,-1.24697,-5.44178
0.88472,-1.14697,-5.25928
0.88472,-1.04697,-5.03105
0.88472,-0.94697,-4.75317
0.88472,-0.84697,-4.4222
0.88472,-0.74697,-4.03442
0.88472,-0.64697,-3.58401
0.88472,-0.54697,-3.06126
0.88472,-0.44697,-2.45366
0.88472,-0.34697,-1.75578
0.88472,-0.24697,-0.990799
0.88472,-0.14697,-0.224168
0.88472,-0.0469699,0.46344
0.88472,0.0530301,1.02548
0.88472,0.15303,1.46511
0.88472,0.25303,1.81726
0.88472,0.35303,2.12707
0.88472,0.45303,2.4316
0.88472,0.55303,2.74429
0.88472,0.65303,3.05189
0.88472,0.75303,3.3296
0.88472,0.85303,3.56043
0.88472,0.95303,3.74181
0.88472,1.05303,3.88059
0.88472,1.15303,3.98638
0.88472,1.25303,4.06792
0.88472,1.35303,4.13196
0.88472,1.45303,4.18334
0.88472,1.55303,4.22541
0.88472,1.65303,4.26047
0.88472,1.75303,4.29012
0.88472,1.85303,4.31543
0.88472,1.95303,4.33716
0.88472,2.05303,4.35585
0.88472,2.15303,4.37192
0.98472,-1.74697,-5.72539
0.98472,-1.64697,-5.68412
0.98472,-1.54697,-5.62056
0.98472,-1.44697,-5.53228
0.98472,-1.34697,-5.41632
0.98472,-1.24697,-5.26922
0.98472,-1.14697,-5.08706
0.98472,-1.04697,-4.86529
0.98472,-0.94697,-4.5983
0.98472,-0.84697,-4.27858
0.98472,-0.74697,-3.89566
0.98472,-0.64697,-3.43566
0.98472,-0.54697,-2.884
0.98472,-0.44697,-2.23507
0.98472,-0.34697,-1.50902
0.98472,-0.24697,-0.760896
0.98472,-0.14697,-0.0606168
0.98472,-0.0469699,0.543127
0.98472,0.0530301,1.03699
0.98472,0.15303,1.43386
0.98472,0.25303,1.76219
0.98472,0.35303,2.05757
0.98472,0.45303,2.35073
0.98472,0.55303,2.65398
0.98472,0.65303,2.95615
0.98472,0.75303,3.23389
0.98472,0.85303,3.46923
0.98472,0.95303,3.65734
0.98472,1.05303,3.80321
0.98472,1.15303,3.91551
0.98472,1.25303,4.00262
0.98472,1.35303,4.07129
0.98472,1.45303,4.12647
0.98472,1.55303,4.17169
0.98472,1.65303,4.2094
0.98472,1.75303,4.24128
0.98472,1.85303,4.26851
0.98472,1.95303,4.29191
0.98472,2.05303,4.31208
0.98472,2.15303,4.32945
1.08472,-1.74697,-5.59982
1.08472,-1.64697,-5.54414
1.08472,-1.54697,-5.4688
1.08472,-1.44697,-5.37172
1.08472,-1.34697,-5.25037
1.08472,-1.24697,-5.1016
1.08472,-1.14697,-4.92138
1.08472,-1.04697,-4.70417
1.08472,-0.94697,-4.44216
1.08472,-0.84697,-4.12439
1.08472,-0.74697,-3.7368
1.08472,-0.64697,-3.26494
1.08472,-0.54697,-2.70184
1.08472,-0.44697,-2.06049
1.08472,-0.34697,-1.38055
1.08472,-0.24697,-0.715357
1.08472,-0.14697,-0.106822
1.08472,-0.0469699,0.425679
1.08472,0.0530301,0.879271
1.08472,0.15303,1.26179
1.08472,0.25303,1.59128
1.08472,0.35303,1.89336
1.08472,0.45303,2.19253
1.08472,0.55303,2.50004
1.08472,0.65303,2.80743
1.08472,0.75303,3.09374
1.08472,0.85303,3.3407
1.08472,0.95303,3.54156
1.08472,1.05303,3.69957
1.08472,1.15303,3.82249
1.08472,1.25303,3.9185
1.08472,1.35303,3.9945
1.08472,1.45303,4.05571
1.08472,1.55303,4.10593
1.08472,1.65303,4.14782
1.08472,1.75303,4.18327
1.08472,1.85303,4.21357
1.08472,1.95303,4.23966
1.08472,2.05303,4.2622
1.08472,2.15303,4.28168
1.18472,-1.74697,-5.47079
1.18472,-1.64697,-5.40568
1.18472,-1.54697,-5.32273
1.18472,-1.44697,-5.22008
1.18472,-1.34697,-5.0953
1.18472,-1.24697,-4.94506
1.18472,-1.14697,-4.76459
1.18472,-1.04697,-4.54698
1.18472,-0.94697,-4.28262
1.18472,-0.84697,-3.9594
1.18472,-0.74697,-3.56497
1.18472,-0.64697,-3.0927
1.18472,-0.54697,-2.5505
1.18472,-0.44697,-1.96575
1.18472,-0.34697,-1.37697
1.18472,-0.24697,-0.815894
1.18472,-0.14697,-0.298074
1.18472,-0.0469699,0.171788
1.18472,0.0530301,0.592944
1.18472,0.15303,0.968866
1.18472,0.25303,1.31
1.18472,0.35303,1.63285
1.18472,0.45303,1.95402
1.18472,0.55303,2.28113
1.18472,0.65303,2.6066
1.18472,0.75303,2.91153
1.18472,0.85303,3.17795
1.18472,0.95303,3.39778
1.18472,1.05303,3.57288
1.18472,1.15303,3.71034
1.18472,1.25303,3.81838
1.18472,1.35303,3.90419
1.18472,1.45303,3.97342
1.18472,1.55303,4.03025
1.18472,1.65303,4.07767
1.18472,1.75303,4.11781
1.18472,1.85303,4.15217
1.18472,1.95303,4.1818
1.18472,2.05303,4.20747
1.18472,2.15303,4.22974
1.28472,-1.74697,-5.34919
1.28472,-1.64697,-5.27674
1.28472,-1.54697,-5.18773
1.28472,-1.44697,-5.08032
1.28472,-1.34697,-4.95187
1.28472,-1.24697,-4.79844
1.28472,-1.14697,-4.6143
1.28472,-1.04697,-4.39152
1.28472,-0.94697,-4.12025
1.28472,-0.84697,-3.79055
1.28472,-0.74697,-3.39675
1.28472,-0.64697,-2.94384
1.28472,-0.54697,-2.4513
1.28472,-0.44697,-1.94807
1.28472,-0.34697,-1.45917
1.28472,-0.24697,-0.99648
1.28472,-0.14697,-0.561751
1.28472,-0.0469699,-0.154294
1.28472,0.0530301,0.226853
1.28472,0.15303,0.585939
1.28472,0.25303,0.932085
1.28472,0.35303,1.27683
1.28472,0.45303,1.62915
1.28472,0.55303,1.98986
1.28472,0.65303,2.34802
1.28472,0.75303,2.68415
1.28472,0.85303,2.97992
1.28472,0.95303,3.22629
1.28472,1.05303,3.4242
1.28472,1.15303,3.58054
1.28472,1.25303,3.70386
1.28472,1.35303,3.80196
1.28472,1.45303,3.88112
1.28472,1.55303,3.94607
1.28472,1.65303,4.00024
1.28472,1.75303,4.04608
1.28472,1.85303,4.08535
1.28472,1.95303,4.11927
1.28472,2.05303,4.14873
1.28472,2.15303,4.17439
1.38472,-1.74697,-5.23674
1.38472,-1.64697,-5.15779
1.38472,-1.54697,-5.06322
1.38472,-1.44697,-4.95097
1.38472,-1.34697,-4.81789
1.38472,-1.24697,-4.65932
1.38472,-1.14697,-4.46883
1.38472,-1.04697,-4.23849
1.38472,-0.94697,-3.96026
1.38472,-0.84697,-3.62927
1.38472,-0.74697,-3.24847
1.38472,-0.64697,-2.83205
1.38472,-0.54697,-2.40266
1.38472,-0.44697,-1.98174
1.38472,-0.34697,-1.5805
1.38472,-0.24697,-1.19993
1.38472,-0.14697,-0.837622
1.38472,-0.0469699,-0.492292
1.38472,0.0530301,-0.161495
1.38472,0.15303,0.16257
1.38472,0.25303,0.493091
1.38472,0.35303,0.843591
1.38472,0.45303,1.22089
1.38472,0.55303,1.61974
1.38472,0.65303,2.02217
1.38472,0.75303,2.40316
1.38472,0.85303,2.74074
1.38472,0.95303,3.02363
1.38472,1.05303,3.25187
1.38472,1.15303,3.43256
1.38472,1.25303,3.57508
1.38472,1.35303,3.6883
1.38472,1.45303,3.77947
1.38472,1.55303,3.85409
1.38472,1.65303,3.91621
1.38472,1.75303,3.96873
1.38472,1.85303,4.0137
1.38472,1.95303,4.05259
1.38472,2.05303,4.08644
1.38472,2.15303,4.11602
1.48472,-1.74697,-5.132
1.48472,-1.64697,-5.04714
1.48472,-1.54697,-4.9473
1.48472,-1.44697,-4.82998
1.48472,-1.34697,-4.69143
1.48472,-1.24697,-4.52643
1.48472,-1.14697,-4.32851
1.48472,-1.04697,-4.09103
1.48472,-0.94697,-3.80953
1.48472,-0.84697,-3.48535
1.48472,-0.74697,-3.12862
1.48472,-0.64697,-2.75727
1.48472,-0.54697,-2.39033
1.48472,-0.44697,-2.03966
1.48472,-0.34697,-1.70738
1.48472,-0.24697,-1.39067
1.48472,-0.14697,-1.0879
1.48472,-0.0469699,-0.79936
1.48472,0.0530301,-0.522354
1.48472,0.15303,-0.246452
1.48472,0.25303,0.0463503
1.48472,0.35303,0.375844
1.48472,0.45303,0.754313
1.48472,0.55303,1.17782
1.48472,0.65303,1.62374
1.48472,0.75303,2.05828
1.48472,0.85303,2.45032
1.48472,0.95303,2.78211
1.48472,1.05303,3.05082
1.48472,1.15303,3.26336
1.48472,1.25303,3.4304
1.48472,1.35303,3.56242
1.48472,1.45303,3.66815
1.48472,1.55303,3.75428
1.48472,1.65303,3.82569
1.48472,1.75303,3.88589
1.48472,1.85303,3.93737
1.48472,1.95303,3.9819
1.48472,2.05303,4.02072
1.48472,2.15303,4.05473
1.58472,-1.74697,-5.03327
1.58472,-1.64697,-4.94316
1.58472,-1.54697,-4.83836
1.58472,-1.44697,-4.71585
1.58472,-1.34697,-4.57138
1.58472,-1.24697,-4.39958
1.58472,-1.14697,-4.19477
1.58472,-1.04697,-3.95271
1.58472,-0.94697,-3.67339
1.58472,-0.84697,-3.36365
1.58472,-0.74697,-3.03748
1.58472,-0.64697,-2.71166
1.58472,-0.54697,-2.39881
1.58472,-0.44697,-2.10304
1.58472,-0.34697,-1.82207
1.58472,-0.24697,-1.5532
1.58472,-0.14697,-1.29719
1.58472,-0.0469699,-1.05633
1.58472,0.0530301,-0.82861
1.58472,0.15303,-0.603046
1.58472,0.25303,-0.3595
1.58472,0.35303,-0.0732211
1.58472,0.45303,0.276356
1.58472,0.55303,0.694567
1.58472,0.65303,1.16367
1.58472,0.75303,1.64581
1.58472,0.85303,2.09831
1.58472,0.95303,2.49082
1.58472,1.05303,2.81229
1.58472,1.15303,3.06687
1.58472,1.25303,3.2659
1.58472,1.35303,3.4219
1.58472,1.45303,3.54572
1.58472,1.55303,3.64574
1.58472,1.65303,3.7281
1.58472,1.75303,3.79721
1.58472,1.85303,3.85612
1.58472,1.95303,3.90702
1.58472,2.05303,3.95141
1.58472,2.15303,3.99037
1.68472,-1.74697,-4.93934
1.68472,-1.64697,-4.84467
1.68472,-1.54697,-4.73525
1.68472,-1.44697,-4.60759
1.68472,-1.34697,-4.45719
1.68472,-1.24697,-4.27907
1.68472,-1.14697,-4.06912
1.68472,-1.04697,-3.82618
1.68472,-0.94697,-3.55445
1.68472,-0.84697,-3.26444
1.68472,-0.74697,-2.97058
1.68472,-0.64697,-2.68578
1.68472,-0.54697,-2.41639
1.68472,-0.44697,-2.16169
1.68472,-0.34697,-1.91818
1.68472,-0.24697,-1.6849
1.68472,-0.14697,-1.46501
1.68472,-0.0469699,-1.2623
1.68472,0.0530301,-1.07551
1.68472,0.15303,-0.894389
1.68472,0.25303,-0.699322
1.68472,0.35303,-0.464428
1.68472,0.45303,-0.164035
1.68472,0.55303,0.217571
1.68472,0.65303,0.675513
1.68472,0.75303,1.17954
1.68472,0.85303,1.6825
1.68472,0.95303,2.13972
1.68472,1.05303,2.52511
1.68472,1.15303,2.83388
1.68472,1.25303,3.075
1.68472,1.35303,3.26235
1.68472,1.45303,3.4093
1.68472,1.55303,3.52659
1.68472,1.65303,3.6222
1.68472,1.75303,3.70178
1.68472,1.85303,3.76927
1.68472,1.95303,3.82739
1.68472,2.05303,3.87803
1.68472,2.15303,3.92252
1.78472,-1.74697,-4.84947
1.78472,-1.64697,-4.75086
1.78472,-1.54697,-4.63716
1.78472,-1.44697,-4.50455
1.78472,-1.34697,-4.34861
1.78472,-1.24697,-4.16533
1.78472,-1.14697,-3.95267
1.78472,-1.04697,-3.7127
1.78472,-0.94697,-3.45286
1.78472,-0.84697,-3.18509
1.78472,-0.74697,-2.92193
1.78472,-0.64697,-2.67164
1.78472,-0.54697,-2.4358
1.78472,-0.44697,-2.21136
1.78472,-0.34697,-1.99545
1.78472,-0.24697,-1.7892
1.78472,-0.14697,-1.59755
1.78472,-0.0469699,-1.42505
1.78472,0.0530301,-1.2708
1.78472,0.15303,-1.12554
1.78472,0.25303,-0.971398
1.78472,0.35303,-0.784142
1.78472,0.45303,-0.537562
1.78472,0.55303,-0.210304
1.78472,0.65303,0.205155
1.78472,0.75303,0.69411
1.78472,0.85303,1.21836
1.78472,0.95303,1.72774
1.78472,1.05303,2.17976
1.78472,1.15303,2.55333
1.78472,1.25303,2.84842
1.78472,1.35303,3.07701
1.78472,1.45303,3.25426
1.78472,1.55303,3.39373
1.78472,1.65303,3.50585
1.78472,1.75303,3.5981
1.78472,1.85303,3.67568
1.78472,1.95303,3.74213
1.78472,2.05303,3.79986
1.78472,2.15303,3.85055
1.88472,-1.74697,-4.76319
1.88472,-1.64697,-4.66118
1.88472,-1.54697,-4.54351
1.88472,-1.44697,-4.40626
1.88472,-1.34697,-4.24552
1.88472,-1.24697,-4.05865
1.88472,-1.14697,-3.84598
1.88472,-1.04697,-3.61235
1.88472,-0.94697,-3.36713
1.88472,-0.84697,-3.12184
1.88472,-0.74697,-2.88594
1.88472,-0.64697,-2.66349
1.88472,-0.54697,-2.45307
1.88472,-0.44697,-2.2511
1.88472,-0.34697,-2.05615
1.88472,-0.24697,-1.87124
1.88472,-0.14697,-1.70236
1.88472,-0.0469699,-1.55412
1.88472,0.0530301,-1.42563
1.88472,0.15303,-1.30835
1.88472,0.25303,-1.18629
1.88472,0.35303,-1.03785
1.88472,0.45303,-0.83903
1.88472,0.55303,-0.567897
1.88472,0.65303,-0.21041
1.88472,0.75303,0.23269
1.88472,0.85303,0.74015
1.88472,0.95303,1.27091
1.88472,1.05303,1.77586
1.88472,1.15303,2.21629
1.88472,1.25303,2.5755
1.88472,1.35303,2.8568
1.88472,1.45303,3.07391
1.88472,1.55303,3.24249
1.88472,1.65303,3.37583
1.88472,1.75303,3.48391
1.88472,1.85303,3.57371
1.88472,1.95303,3.64996
1.88472,2.05303,3.71586
1.88472,2.15303,3.77357
1.98472,-1.74697,-4.68023
1.98472,-1.64697,-4.57521
1.98472,-1.54697,-4.45385
1.98472,-1.44697,-4.31242
1.98472,-1.34697,-4.14785
1.98472,-1.24697,-3.95918
1.98472,-1.14697,-3.74905
1.98472,-1.04697,-3.52433
1.98472,-0.94697,-3.29498
1.98472,-0.84697,-3.07084
1.98472,-0.74697,-2.85808
1.98472,-0.64697,-2.65757
1.98472,-0.54697,-2.4664
1.98472,-0.44697,-2.28153
1.98472,-0.34697,-2.10319
1.98472,-0.24697,-1.93587
1.98472,-0.14697,-1.78598
1.98472,-0.0469699,-1.65776
1.98472,0.0530301,-1.54998
1.98472,0.15303,-1.45458
1.98472,0.25303,-1.35712
1.98472,0.35303,-1.23856
1.98472,0.45303,-1.07788
1.98472,0.55303,-0.855307
1.98472,0.65303,-0.555691
1.98472,0.75303,-0.172378
1.98472,0.85303,0.288199
1.98472,0.95303,0.802245
1.98472,1.05303,1.32921
1.98472,1.15303,1.82272
1.98472,1.25303,2.24787
1.98472,1.35303,2.59161
1.98472,1.45303,2.85958
1.98472,1.55303,3.06638
1.98472,1.65303,3.22757
1.98472,1.75303,3.356
1.98472,1.85303,3.46104
1.98472,1.95303,3.54916
1.98472,2.05303,3.62468
1.98472,2.15303,3.69048
2.08472,-1.74697,-4.60043
2.08472,-1.64697,-4.49266
2.08472,-1.54697,-4.36789
2.08472,-1.44697,-4.22281
2.08472,-1.34697,-4.05554
2.08472,-1.24697,-3.8669
2.08472,-1.14697,-3.66148
2.08472,-1.04697,-3.44732
2.08472,-0.94697,-3.23387
2.08472,-0.84697,-3.02869
2.08472,-0.74697,-2.83502
2.08472,-0.64697,-2.65162
2.08472,-0.54697,-2.4752
2.08472,-0.44697,-2.30381
2.08472,-0.34697,-2.13927
2.08472,-0.24697,-1.98704
2.08472,-0.14697,-1.85347
2.08472,-0.0469699,-1.74217
2.08472,0.0530301,-1.65143
2.08472,0.15303,-1.57347
2.08472,0.25303,-1.49505
2.08472,0.35303,-1.39922
2.08472,0.45303,-1.26774
2.08472,0.55303,-1.08369
2.08472,0.65303,-0.8336
2.08472,0.75303,-0.50903
2.08472,0.85303,-0.108444
2.08472,0.95303,0.359448
2.08472,1.05303,0.871066
2.08472,1.15303,1.38761
2.08472,1.25303,1.86558
2.08472,1.35303,2.27364
2.08472,1.45303,2.60177
2.08472,1.55303,2.85722
2.08472,1.65303,3.0549
2.08472,1.75303,3.20995
2.08472,1.85303,3.33454
2.08472,1.95303,3.43742
2.08472,2.05303,3.52454
2.08472,2.15303,3.59985
2.18472,-1.74697,-4.52367
2.18472,-1.64697,-4.41332
2.18472,-1.54697,-4.28538
2.18472,-1.44697,-4.1373
2.18472,-1.34697,-3.96851
2.18472,-1.24697,-3.78158
2.18472,-1.14697,-3.58253
2.18472,-1.04697,-3.37974
2.18472,-0.94697,-3.18138
2.18472,-0.84697,-2.99264
2.18472,-0.74697,-2.81443
2.18472,-0.64697,-2.64438
2.18472,-0.54697,-2.47954
2.18472,-0.44697,-2.31925
2.18472,-0.34697,-2.16666
2.18472,-0.24697,-2.02776
2.18472,-0.14697,-1.90852
2.18472,-0.0469699,-1.81178
2.18472,0.0530301,-1.73537
2.18472,0.15303,-1.67165
2.18472,0.25303,-1.60832
2.18472,0.35303,-1.53005
2.18472,0.45303,-1.42084
2.18472,0.55303,-1.26641
2.18472,0.65303,-1.05567
2.18472,0.75303,-0.78129
2.18472,0.85303,-0.439447
2.18472,0.95303,-0.0305949
2.18472,1.05303,0.436766
2.18472,1.15303,0.940182
2.18472,1.25303,1.44249
2.18472,1.35303,1.90284
2.18472,1.45303,2.29321
2.18472,1.55303,2.6062
2.18472,1.65303,2.85018
2.18472,1.75303,3.03996
2.18472,1.85303,3.18999
2.18472,1.95303,3.31171
2.18472,2.05303,3.41321
2.18472,2.15303,3.49994
2.28472,-1.74697,-4.44984
2.28472,-1.64697,-4.33697
2.28472,-1.54697,-4.20613
2.28472,-1.44697,-4.05573
2.28472,-1.34697,-3.88662
2.28472,-1.24697,-3.70284
2.28472,-1.14697,-3.5113
2.28472,-1.04697,-3.31998
2.28472,-0.94697,-3.13539
2.28472,-0.84697,-2.96056
2.28472,-0.74697,-2.79476
2.28472,-0.64697,-2.63524
2.28472,-0.54697,-2.47978
2.28472,-0.44697,-2.32905
2.28472,-0.34697,-2.18716
2.28472,-0.24697,-2.06027
2.28472,-0.14697,-1.95377
2.28472,-0.0469699,-1.86973
2.28472,0.0530301,-1.80555
2.28472,0.15303,-1.75373
2.28472,0.25303,-1.70268
2.28472,0.35303,-1.63834
2.28472,0.45303,-1.54646
2.28472,0.55303,-1.41482
2.28472,0.65303,-1.23459
2.28472,0.75303,-1.00032
2.28472,0.85303,-0.70887
2.28472,0.95303,-0.358137
2.28472,1.05303,0.0518502
2.28472,1.15303,0.513676
2.28472,1.25303,1.00566
2.28472,1.35303,1.49179
2.28472,1.45303,1.93368
2.28472,1.55303,2.30654
2.28472,1.65303,2.60526
2.28472,1.75303,2.83895
2.28472,1.85303,3.022
2.28472,1.95303,3.16808
2.28472,2.05303,3.28778
2.28472,2.15303,3.38857
2.38472,-1.74697,-4.37879
2.38472,-1.64697,-4.26341
2.38472,-1.54697,-4.12998
2.38472,-1.44697,-3.97797
2.38472,-1.34697,-3.80964
2.38472,-1.24697,-3.63017
2.38472,-1.14697,-3.44676
2.38472,-1.04697,-3.2665
2.38472,-0.94697,-3.09413
2.38472,-0.84697,-2.93088
2.38472,-0.74697,-2.77505
2.38472,-0.64697,-2.62399
2.38472,-0.54697,-2.47647
2.38472,-0.44697,-2.33428
2.38472,-0.34697,-2.2022
2.38472,-0.24697,-2.08624
2.38472,-0.14697,-1.99113
2.38472,-0.0469699,-1.91824
2.38472,0.0530301,-1.86461
2.38472,0.15303,-1.8229
2.38472,0.25303,-1.78211
2.38472,0.35303,-1.72915
2.38472,0.45303,-1.65112
2.38472,0.55303,-1.53738
2.38472,0.65303,-1.38088
2.38472,0.75303,-1.17799
2.38472,0.85303,-0.927119
2.38472,0.95303,-0.62663
2.38472,1.05303,-0.273792
2.38472,1.15303,0.132777
2.38472,1.25303,0.586385
2.38472,1.35303,1.06536
2.38472,1.45303,1.53447
2.38472,1.55303,1.95787
2.38472,1.65303,2.3139
2.38472,1.75303,2.59946
2.38472,1.85303,2.82406
2.38472,1.95303,3.00151
2.38472,2.05303,3.14456
2.38472,2.15303,3.263
2.48472,-1.74697,-4.31033
2.48472,-1.64697,-4.19244
2.48472,-1.54697,-4.05671
2.48472,-1.44697,-3.90383
2.48472,-1.34697,-3.73726
2.48472,-1.24697,-3.56295
2.48472,-1.14697,-3.38789
2.48472,-1.04697,-3.21794
2.48472,-0.94697,-3.05619
2.48472,-0.84697,-2.9025
2.48472,-0.74697,-2.75473
2.48472,-0.64697,-2.61068
2.48472,-0.54697,-2.47014
2.48472,-0.44697,-2.33583
2.48472,-0.34697,-2.21286
2.48472,-0.24697,-2.10692
2.48472,-0.14697,-2.02203
2.48472,-0.0469699,-1.95896
2.48472,0.0530301,-1.9145
2.48472,0.15303,-1.88147
2.48472,0.25303,-1.8494
2.48472,0.35303,-1.806
2.48472,0.45303,-1.73936
2.48472,0.55303,-1.64007
2.48472,0.65303,-1.5024
2.48472,0.75303,-1.32413
2.48472,0.85303,-1.10524
2.48472,0.95303,-0.84553
2.48472,1.05303,-0.542628
2.48472,1.15303,-0.192058
2.48472,1.25303,0.208757
2.48472,1.35303,0.652966
2.48472,1.45303,1.11827
2.48472,1.55303,1.57019
2.48472,1.65303,1.97556
2.48472,1.75303,2.31575
2.48472,1.85303,2.58937
2.48472,1.95303,2.80609
2.48472,2.05303,2.97896
2.48472,2.15303,3.1198
2.58472,-1.74697,-4.24421
2.58472,-1.64697,-4.12379
2.58472,-1.54697,-3.98614
2.58472,-1.44697,-3.83309
2.58472,-1.34697,-3.66913
2.58472,-1.24697,-3.50055
2.58472,-1.14697,-3.33371
2.58472,-1.04697,-3.17315
2.58472,-0.94697,-3.02048
2.58472,-0.84697,-2.87468
2.58472,-0.74697,-2.73353
2.58472,-0.64697,-2.59552
2.58472,-0.54697,-2.46136
2.58472,-0.44697,-2.33445
2.58472,-0.34697,-2.22002
2.58472,-0.24697,-2.12326
2.58472,-0.14697,-2.04754
2.58472,-0.0469699,-1.99312
2.58472,0.0530301,-1.95665
2.58472,0.15303,-1.93115
2.58472,0.25303,-1.9066
2.58472,0.35303,-1.87136
2.58472,0.45303,-1.81434
2.58472,0.55303,-1.72704
2.58472,0.65303,-1.60467
2.58472,0.75303,-1.4461
2.58472,0.85303,-1.25248
2.58472,0.95303,-1.0251
2.58472,1.05303,-0.763073
2.58472,1.15303,-0.462099
2.58472,1.25303,-0.115982
2.58472,1.35303,0.278222
2.58472,1.45303,0.712656
2.58472,1.55303,1.16411
2.58472,1.65303,1.59906
2.58472,1.75303,1.98717
2.58472,1.85303,2.31268
2.58472,1.95303,2.57562
2.58472,2.05303,2.78557
2.58472,2.15303,2.95478
2.68472,-1.74697,-4.18014
2.68472,-1.64697,-4.05723
2.68472,-1.54697,-3.91805
2.68472,-1.44697,-3.76553
2.68472,-1.34697,-3.60488
2.68472,-1.24697,-3.44233
2.68472,-1.14697,-3.28336
2.68472,-1.04697,-3.13117
2.68472,-0.94697,-2.98622
2.68472,-0.84697,-2.84695
2.68472,-0.74697,-2.7114
2.68472,-0.64697,-2.57878
2.68472,-0.54697,-2.45063
2.68472,-0.44697,-2.33079
2.68472,-0.34697,-2.22436
2.68472,-0.24697,-2.13601
2.68472,-0.14697,-2.06849
2.68472,-0.0469699,-2.02169
2.68472,0.0530301,-1.99219
2.68472,0.15303,-1.97325
2.68472,0.25303,-1.95524
2.68472,0.35303,-1.9271
2.68472,0.45303,-1.87835
2.68472,0.55303,-1.80121
2.68472,0.65303,-1.69162
2.68472,0.75303,-1.54916
2.68472,0.85303,-1.37583
2.68472,0.95303,-1.17411
2.68472,1.05303,-0.944656
2.68472,1.15303,-0.684668
2.68472,1.25303,-0.387795
2.68472,1.35303,-0.0467944
2.68472,1.45303,0.340735
2.68472,1.55303,0.765368
2.68472,1.65303,1.20303
2.68472,1.75303,1.62146
2.68472,1.85303,1.99328
2.68472,1.95303,2.30536
2.68472,2.05303,2.55885
2.68472,2.15303,2.76307
2.78472,-1.74697,-4.11778
2.78472,-1.64697,-3.99249
2.78472,-1.54697,-3.85224
2.78472,-1.44697,-3.70091
2.78472,-1.34697,-3.54411
2.78472,-1.24697,-3.38767
2.78472,-1.14697,-3.23605
2.78472,-1.04697,-3.09123
2.78472,-0.94697,-2.95281
2.78472,-0.84697,-2.81905
2.78472,-0.74697,-2.68838
2.78472,-0.64697,-2.56077
2.78472,-0.54697,-2.43841
2.78472,-0.44697,-2.32535
2.78472,-0.34697,-2.22643
2.78472,-0.24697,-2.14576
2.78472,-0.14697,-2.08558
2.78472,-0.0469699,-2.04547
2.78472,0.0530301,-2.02205
2.78472,0.15303,-2.00882
2.78472,0.25303,-1.99655
2.78472,0.35303,-1.97461
2.78472,0.45303,-1.93309
2.78472,0.55303,-1.86474
2.78472,0.65303,-1.76604
2.78472,0.75303,-1.63706
2.78472,0.85303,-1.48037
2.78472,0.95303,-1.29928
2.78472,1.05303,-1.09573
2.78472,1.15303,-0.86859
2.78472,1.25303,-0.61288
2.78472,1.35303,-0.320702
2.78472,1.45303,0.0153756
2.78472,1.55303,0.396479
2.78472,1.65303,0.811386
2.78472,1.75303,1.23542
2.78472,1.85303,1.63798
2.78472,1.95303,1.99458
2.78472,2.05303,2.29449
2.78472,2.15303,2.53967
2.88472,-1.74697,-4.05683
2.88472,-1.64697,-3.92933
2.88472,-1.54697,-3.78852
2.88472,-1.44697,-3.63899
2.88472,-1.34697,-3.48642
2.88472,-1.24697,-3.33602
2.88472,-1.14697,-3.19114
2.88472,-1.04697,-3.05276
2.88472,-0.94697,-2.9199
2.88472,-0.84697,-2.79086
2.88472,-0.74697,-2.66462
2.88472,-0.64697,-2.54183
2.88472,-0.54697,-2.42511
2.88472,-0.44697,-2.31858
2.88472,-0.34697,-2.22668
2.88472,-0.24697,-2.153
2.88472,-0.14697,-2.09933
2.88472,-0.0469699,-2.0651
2.88472,0.0530301,-2.04698
2.88472,0.15303,-2.03874
2.88472,0.25303,-2.03149
2.88472,0.35303,-2.01503
2.88472,0.45303,-1.97987
2.88472,0.55303,-1.91923
2.88472,0.65303,-1.82998
2.88472,0.75303,-1.71252
2.88472,0.85303,-1.56978
2.88472,0.95303,-1.40559
2.88472,1.05303,-1.22284
2.88472,1.15303,-1.02186
2.88472,1.25303,-0.799363
2.88472,1.35303,-0.54855
2.88472,1.45303,-0.260721
2.88472,1.55303,0.070975
2.88472,1.65303,0.445934
2.88472,1.75303,0.851184
2.88472,1.85303,1.26186
2.88472,1.95303,1.64927
2.88472,2.05303,1.99179
2.88472,2.15303,2.28073
2.98472,-1.74697,-3.99699
2.98472,-1.64697,-3.86757
2.98472,-1.54697,-3.72674
2.98472,-1.44697,-3.57955
2.98472,-1.34697,-3.43146
2.98472,-1.24697,-3.28687
2.98472,-1.14697,-3.14811
2.98472,-1.04697,-3.01532
2.98472,-0.94697,-2.88724
2.98472,-0.84697,-2.7624
2.98472,-0.74697,-2.64034
2.98472,-0.64697,-2.52225
2.98472,-0.54697,-2.41108
2.98472,-0.44697,-2.3108
2.98472,-0.34697,-2.22545
2.98472,-0.24697,-2.15811
2.98472,-0.14697,-2.11023
2.98472,-0.0469699,-2.08113
2.98472,0.0530301,-2.06763
2.98472,0.15303,-2.06373
2.98472,0.25303,-2.06089
2.98472,0.35303,-2.04927
2.98472,0.45303,-2.01976
2.98472,0.55303,-1.96595
2.98472,0.65303,-1.88501
2.98472,0.75303,-1.77757
2.98472,0.85303,-1.64674
2.98472,0.95303,-1.49668
2.98472,1.05303,-1.33093
2.98472,1.15303,-1.15092
2.98472,1.25303,-0.954915
2.98472,1.35303,-0.737757
2.98472,1.45303,-0.491445
2.98472,1.55303,-0.207197
2.98472,1.65303,0.120695
2.98472,1.75303,0.489697
2.98472,1.85303,0.885331
2.98472,1.95303,1.28297
2.98472,2.05303,1.65604
2.98472,2.15303,1.98562
3.08472,-1.74697,-3.938
3.08472,-1.64697,-3.80705
3.08472,-1.54697,-3.66676
3.08472,-1.44697,-3.52236
3.08472,-1.34697,-3.37888
3.08472,-1.24697,-3.2398
3.08472,-1.14697,-3.10654
3.08472,-1.04697,-2.97863
3.08472,-0.94697,-2.85474
3.08472,-0.84697,-2.73375
3.08472,-0.74697,-2.61574
3.08472,-0.64697,-2.50235
3.08472,-0.54697,-2.39662
3.08472,-0.44697,-2.30233
3.08472,-0.34697,-2.22304
3.08472,-0.24697,-2.16143
3.08472,-0.14697,-2.11865
3.08472,-0.0469699,-2.09403
3.08472,0.0530301,-2.08453
3.08472,0.15303,-2.08442
3.08472,0.25303,-2.08545
3.08472,0.35303,-2.07811
3.08472,0.45303,-2.05362
3.08472,0.55303,-2.0059
3.08472,0.65303,-1.93235
3.08472,0.75303,-1.83374
3.08472,0.85303,-1.71327
3.08472,0.95303,-1.57526
3.08472,1.05303,-1.42365
3.08472,1.15303,-1.26068
3.08472,1.25303,-1.08588
3.08472,1.35303,-0.895667
3.08472,1.45303,-0.683482
3.08472,1.55303,-0.440775
3.08472,1.65303,-0.159256
3.08472,1.75303,0.16528
3.08472,1.85303,0.528383
3.08472,1.95303,0.914423
3.08472,2.05303,1.29941
3.08472,2.15303,1.65901
